{
  "saved_model_path": "C:\\Users\\PalakMantri\\Desktop\\Git Projects\\Lead Prediction\\lead-scoring-conversion-prediction\\models\\lead_scoring_model.joblib",
  "best_random_forest_params": {
    "n_estimators": 400,
    "min_samples_leaf": 1,
    "max_features": 0.5,
    "max_depth": null
  },
  "recommended_contact_share": 0.5,
  "validation_threshold": 0.20696219871181598,
  "validation_metrics": {
    "baseline_logistic_regression": {
      "roc_auc": 0.6393316924364565,
      "average_precision": 0.18195408444627542,
      "log_loss": 0.9054953689922285,
      "brier_score": 0.34576523787614055,
      "precision_at_10pct": 0.22168284789644013,
      "lift_at_10pct": 2.0813930612525944,
      "base_conversion_rate": 0.10650696018128844
    },
    "tuned_random_forest": {
      "roc_auc": 0.5720649696048632,
      "average_precision": 0.1578098136498339,
      "log_loss": 0.3461736472757615,
      "brier_score": 0.0966972517363201,
      "precision_at_10pct": 0.18122977346278318,
      "lift_at_10pct": 1.7015768091992014,
      "base_conversion_rate": 0.10650696018128844
    },
    "calibrated_random_forest": {
      "roc_auc": 0.46053794436368445,
      "average_precision": 0.10547151856816599,
      "log_loss": 0.37934714814377435,
      "brier_score": 0.10680156902532427,
      "precision_at_10pct": 0.10517799352750809,
      "lift_at_10pct": 0.9875222553388222,
      "base_conversion_rate": 0.10650696018128844
    }
  },
  "validation_best_policy": {
    "contact_share": 0.5,
    "threshold": 0.20696219871181598,
    "contacted_leads": 3089.0,
    "captured_conversions": 309.0,
    "precision": 0.10003237293622531,
    "recall": 0.4696048632218845,
    "revenue": 1390500.0,
    "cost": 247120.0,
    "profit": 1143380.0,
    "roi": 4.626820977662674
  }
}